<?xml version="1.0" encoding="UTF-8"?>
<policy:Policy xmlns:_0="http://docs.oasis-open.org/wss/2004/01/oasis-200401-wss-wssecurity-utility-1.0.xsd" xmlns:_200512="http://docs.oasis-open.org/ws-sx/ws-securitypolicy/200512" xmlns:policy="http://schemas.xmlsoap.org/ws/2004/09/policy">
  <_200512:SupportingTokens>
    <policy:Policy _0:Id="request:ProviderRequestInbound">
      <_200512:X509Token _200512:IncludeToken="http://docs.oasis-open.org/ws-sx/ws-securitypolicy/200512/IncludeToken/Always">
        <policy:Policy>
          <_200512:WssX509V3Token10/>
        </policy:Policy>
      </_200512:X509Token>
    </policy:Policy>
  </_200512:SupportingTokens>
  <_200512:SupportingTokens>
    <policy:Policy _0:Id="response:ProviderResponseOutbound">
      <_200512:X509Token _200512:IncludeToken="http://docs.oasis-open.org/ws-sx/ws-securitypolicy/200512/IncludeToken/Always">
        <policy:Policy>
          <_200512:WssX509V3Token10/>
        </policy:Policy>
      </_200512:X509Token>
    </policy:Policy>
  </_200512:SupportingTokens>
  <_200512:AsymmetricBinding>
    <policy:Policy>
      <_200512:InitiatorToken>
        <policy:Policy>
          <_200512:X509Token _200512:IncludeToken="http://docs.oasis-open.org/ws-sx/ws-securitypolicy/200512/IncludeToken/AlwaysToInitiator">
            <policy:Policy Name="consumercert">
              <_200512:WssX509V3Token10/>
            </policy:Policy>
          </_200512:X509Token>
        </policy:Policy>
      </_200512:InitiatorToken>
      <_200512:RecipientToken>
        <policy:Policy>
          <_200512:X509Token _200512:IncludeToken="http://docs.oasis-open.org/ws-sx/ws-securitypolicy/200512/IncludeToken/AlwaysToRecipient">
            <policy:Policy Name="providercert">
              <_200512:WssX509V3Token10/>
            </policy:Policy>
          </_200512:X509Token>
        </policy:Policy>
      </_200512:RecipientToken>
      <_200512:AlgorithmSuite>
        <policy:Policy>
          <_200512:Basic256/>
        </policy:Policy>
      </_200512:AlgorithmSuite>
      <_200512:Layout>
        <policy:Policy>
          <_200512:Strict/>
        </policy:Policy>
      </_200512:Layout>
    </policy:Policy>
  </_200512:AsymmetricBinding>
  <policy:Policy _0:Id="response:EncryptResponse">
    <_200512:EncryptedElements>
      <_200512:XPath>/*[namespace-uri()='http://schemas.xmlsoap.org/soap/envelope/' and local-name()='Envelope']/*[namespace-uri()='http://schemas.xmlsoap.org/soap/envelope/' and local-name()='Body']/*[namespace-uri()='http://EmployeeService' and local-name()='getEmployeeResponse']/*[namespace-uri()='http://hrdb/iibadmin' and local-name()='EmployeeResponse']/*[namespace-uri()='http://hrdb/iibadmin' and local-name()='EMPLOYEE']/SALARY</_200512:XPath>
    </_200512:EncryptedElements>
  </policy:Policy>
</policy:Policy>