<?xml version="1.0" encoding="UTF-8" standalone="yes"?>
<MessagePool xmlns="http://wwww.ibm.com/iib/test/1.0.0">
    <InputMessage timestamp="1489067011968" nodeId="FCMComposite_1_1" name="User 1" id="1489067011968-6">
        <plainText>%3CUser%3E%3CUserNumber%3E1%3C%2FUserNumber%3E%3C%2FUser%3E</plainText>
    </InputMessage>
    <InputMessage timestamp="1489067093880" nodeId="FCMComposite_1_1" name="User 3" id="1489067093880-75">
        <plainText>%3CUser%3E%3CUserNumber%3E3%3C%2FUserNumber%3E%3C%2FUser%3E</plainText>
    </InputMessage>
    <InputMessage timestamp="1489067082713" nodeId="FCMComposite_1_1" name="User 2" id="1489067082713-47">
        <plainText>%3CUser%3E%3CUserNumber%3E2%3C%2FUserNumber%3E%3C%2FUser%3E</plainText>
    </InputMessage>
</MessagePool>
