<?xml version="1.0" encoding="UTF-8"?><?xml-stylesheet type='text/xsl' href='_UpgradeReport_Files/UpgradeReport.xslt'?><UpgradeLog>
<Properties><Property Name="Solution" Value="WindowsApplication1">
</Property><Property Name="Solution File" Value="E:\DotNet\Winform\WindowsApplication1\WindowsApplication1.sln">
</Property><Property Name="User Options File" Value="E:\DotNet\Winform\WindowsApplication1\WindowsApplication1.suo">
</Property><Property Name="Date" Value="Wednesday, June 01, 2011">
</Property><Property Name="Time" Value="4:53 AM">
</Property></Properties><Event ErrorLevel="0" Project="" Source="WindowsApplication1.sln" Description="File successfully backed up as E:\DotNet\Winform\WindowsApplication1\Backup\WindowsApplication1.sln">
</Event><Event ErrorLevel="0" Project="" Source="WindowsApplication1.suo" Description="File successfully backed up as E:\DotNet\Winform\WindowsApplication1\Backup\WindowsApplication1.suo">
</Event><Event ErrorLevel="0" Project="WindowsApplication1" Source="WindowsApplication1.csproj" Description="Project file successfully backed up as E:\DotNet\Winform\WindowsApplication1\Backup\WindowsApplication1.csproj">
</Event><Event ErrorLevel="0" Project="WindowsApplication1" Source="WindowsApplication1.csproj.user" Description="Project user file successfully backed up as E:\DotNet\Winform\WindowsApplication1\Backup\WindowsApplication1.csproj.user">
</Event><Event ErrorLevel="0" Project="WindowsApplication1" Source="AssemblyInfo.cs" Description="File successfully backed up as E:\DotNet\Winform\WindowsApplication1\Backup\AssemblyInfo.cs">
</Event><Event ErrorLevel="0" Project="WindowsApplication1" Source="Form1.cs" Description="File successfully backed up as E:\DotNet\Winform\WindowsApplication1\Backup\Form1.cs">
</Event><Event ErrorLevel="0" Project="WindowsApplication1" Source="Form2.cs" Description="File successfully backed up as E:\DotNet\Winform\WindowsApplication1\Backup\Form2.cs">
</Event><Event ErrorLevel="0" Project="WindowsApplication1" Source="App.ico" Description="File successfully backed up as E:\DotNet\Winform\WindowsApplication1\Backup\App.ico">
</Event><Event ErrorLevel="0" Project="WindowsApplication1" Source="Form1.resx" Description="File successfully backed up as E:\DotNet\Winform\WindowsApplication1\Backup\Form1.resx">
</Event><Event ErrorLevel="0" Project="WindowsApplication1" Source="Form2.resx" Description="File successfully backed up as E:\DotNet\Winform\WindowsApplication1\Backup\Form2.resx">
</Event><Event ErrorLevel="0" Project="WindowsApplication1" Source="WindowsApplication1.csproj" Description="Project converted successfully">
</Event><Event ErrorLevel="3" Project="WindowsApplication1" Source="WindowsApplication1.csproj" Description="Converted">
</Event><Event ErrorLevel="0" Project="" Source="WindowsApplication1.sln" Description="Solution converted successfully">
</Event><Event ErrorLevel="3" Project="" Source="WindowsApplication1.sln" Description="Converted">
</Event><Event ErrorLevel="0" Project="WindowsApplication1" Source="WindowsApplication1.csproj" Description="Scan complete: Upgrade not required for project files.">
</Event></UpgradeLog>