<profile:monitoringProfile xmlns:profile="http://www.ibm.com/xmlns/prod/websphere/messagebroker/6.1.0.3/monitoring/profile" profile:version="2.0"><profile:eventSource profile:eventSourceAddress="Gold Trade.transaction.Start" profile:enabled="true"><profile:eventPointDataQuery><profile:eventIdentity><profile:eventName profile:literal="Gold customer: Processing trade"/></profile:eventIdentity><profile:eventCorrelation><profile:localTransactionId profile:queryText="$Root/XMLNSC/tra:tradeOrder/tra:customerID" profile:sourceOfId="query"><profile:prefixMapping profile:prefix="tra" profile:URI="http://www.ibm.com/TradeOrder"/></profile:localTransactionId><profile:parentTransactionId profile:queryText="$Root/XMLNSC/tra:tradeOrder/tra:tradeOrderID" profile:sourceOfId="query"><profile:prefixMapping profile:prefix="tra" profile:URI="http://www.ibm.com/TradeOrder"/></profile:parentTransactionId><profile:globalTransactionId profile:queryText="$Root/XMLNSC/tra:tradeOrder/StockAmount" profile:sourceOfId="query"><profile:prefixMapping profile:prefix="tra" profile:URI="http://www.ibm.com/TradeOrder"/></profile:globalTransactionId></profile:eventCorrelation><profile:eventFilter profile:queryText="true()"><profile:prefixMapping profile:prefix="tra" profile:URI="http://www.ibm.com/TradeOrder"/></profile:eventFilter><profile:eventUOW profile:unitOfWork="messageFlow"/></profile:eventPointDataQuery><profile:applicationDataQuery/><profile:bitstreamDataQuery profile:bitstreamContent="none" profile:encoding="none"/></profile:eventSource></profile:monitoringProfile>