<profile:monitoringProfile xmlns:profile="http://www.ibm.com/xmlns/prod/websphere/messagebroker/6.1.0.3/monitoring/profile" profile:version="2.0"><profile:eventSource profile:eventSourceAddress="InputTrade.transaction.Start" profile:enabled="true"><profile:eventPointDataQuery><profile:eventIdentity><profile:eventName profile:literal="Deciding customer type"/></profile:eventIdentity><profile:eventCorrelation><profile:localTransactionId profile:queryText="$Root/XMLNSC/tra:tradeOrder/tra:customerID" profile:sourceOfId="query"><profile:prefixMapping profile:prefix="PO" profile:URI="http://www.ibm.com/ProcessOrder"/><profile:prefixMapping profile:prefix="tra" profile:URI="http://www.ibm.com/TradeOrder"/></profile:localTransactionId><profile:parentTransactionId profile:queryText="$Root/XMLNSC/tra:tradeOrder/tra:tradeOrderID" profile:sourceOfId="query"><profile:prefixMapping profile:prefix="PO" profile:URI="http://www.ibm.com/ProcessOrder"/><profile:prefixMapping profile:prefix="tra" profile:URI="http://www.ibm.com/TradeOrder"/></profile:parentTransactionId><profile:globalTransactionId profile:queryText="$Root/XMLNSC/tra:tradeOrder/StockAmount" profile:sourceOfId="query"><profile:prefixMapping profile:prefix="PO" profile:URI="http://www.ibm.com/ProcessOrder"/><profile:prefixMapping profile:prefix="tra" profile:URI="http://www.ibm.com/TradeOrder"/></profile:globalTransactionId></profile:eventCorrelation><profile:eventFilter profile:queryText="true()"><profile:prefixMapping profile:prefix="PO" profile:URI="http://www.ibm.com/ProcessOrder"/><profile:prefixMapping profile:prefix="tra" profile:URI="http://www.ibm.com/TradeOrder"/></profile:eventFilter><profile:eventUOW profile:unitOfWork="messageFlow"/></profile:eventPointDataQuery><profile:applicationDataQuery/><profile:bitstreamDataQuery profile:bitstreamContent="none" profile:encoding="none"/></profile:eventSource><profile:eventSource profile:eventSourceAddress="InputTrade.transaction.End" profile:enabled="false"><profile:eventPointDataQuery><profile:eventIdentity><profile:eventName profile:literal="InputTrade.TransactionEnd"/></profile:eventIdentity><profile:eventCorrelation><profile:localTransactionId profile:sourceOfId="automatic"/><profile:parentTransactionId profile:sourceOfId="automatic"/><profile:globalTransactionId profile:sourceOfId="automatic"/></profile:eventCorrelation><profile:eventFilter profile:queryText="$Root/XMLNSC/PO:purchaseOrder[1]/PO:customerType[1] != &apos;GUEST&apos;"><profile:prefixMapping profile:prefix="PO" profile:URI="http://www.ibm.com/ProcessOrder"/></profile:eventFilter><profile:eventUOW profile:unitOfWork="messageFlow"/></profile:eventPointDataQuery><profile:applicationDataQuery/><profile:bitstreamDataQuery profile:bitstreamContent="none" profile:encoding="none"/></profile:eventSource><profile:eventSource profile:eventSourceAddress="GoldCustomer.terminal.in" profile:enabled="true"><profile:eventPointDataQuery><profile:eventIdentity><profile:eventName profile:literal="Decision: Gold customer"/></profile:eventIdentity><profile:eventCorrelation><profile:localTransactionId profile:queryText="$Root/XMLNSC/tra:tradeOrder/tra:customerID" profile:sourceOfId="query"><profile:prefixMapping profile:prefix="PO" profile:URI="http://www.ibm.com/ProcessOrder"/><profile:prefixMapping profile:prefix="tra" profile:URI="http://www.ibm.com/TradeOrder"/></profile:localTransactionId><profile:parentTransactionId profile:queryText="$Root/XMLNSC/tra:tradeOrder/tra:tradeOrderID" profile:sourceOfId="query"><profile:prefixMapping profile:prefix="PO" profile:URI="http://www.ibm.com/ProcessOrder"/><profile:prefixMapping profile:prefix="tra" profile:URI="http://www.ibm.com/TradeOrder"/></profile:parentTransactionId><profile:globalTransactionId profile:queryText="$Root/XMLNSC/tra:tradeOrder/StockAmount" profile:sourceOfId="query"><profile:prefixMapping profile:prefix="PO" profile:URI="http://www.ibm.com/ProcessOrder"/><profile:prefixMapping profile:prefix="tra" profile:URI="http://www.ibm.com/TradeOrder"/></profile:globalTransactionId></profile:eventCorrelation><profile:eventFilter profile:queryText="true()"><profile:prefixMapping profile:prefix="PO" profile:URI="http://www.ibm.com/ProcessOrder"/><profile:prefixMapping profile:prefix="tra" profile:URI="http://www.ibm.com/TradeOrder"/></profile:eventFilter><profile:eventUOW profile:unitOfWork="messageFlow"/></profile:eventPointDataQuery><profile:applicationDataQuery/><profile:bitstreamDataQuery profile:bitstreamContent="none" profile:encoding="none"/></profile:eventSource><profile:eventSource profile:eventSourceAddress="RegularCustomer.terminal.in" profile:enabled="true"><profile:eventPointDataQuery><profile:eventIdentity><profile:eventName profile:literal="Decision: Regular customer"/></profile:eventIdentity><profile:eventCorrelation><profile:localTransactionId profile:sourceOfId="automatic"/><profile:parentTransactionId profile:sourceOfId="automatic"/><profile:globalTransactionId profile:queryText="$Root/XMLNSC/tra:tradeOrder/StockAmount" profile:sourceOfId="query"><profile:prefixMapping profile:prefix="PO" profile:URI="http://www.ibm.com/ProcessOrder"/></profile:globalTransactionId></profile:eventCorrelation><profile:eventFilter profile:queryText="true()"><profile:prefixMapping profile:prefix="PO" profile:URI="http://www.ibm.com/ProcessOrder"/></profile:eventFilter><profile:eventUOW profile:unitOfWork="messageFlow"/></profile:eventPointDataQuery><profile:applicationDataQuery/><profile:bitstreamDataQuery profile:bitstreamContent="none" profile:encoding="none"/></profile:eventSource><profile:eventSource profile:eventSourceAddress="GuestCustomer.terminal.in" profile:enabled="true"><profile:eventPointDataQuery><profile:eventIdentity><profile:eventName profile:literal="Decision: Guest customer"/></profile:eventIdentity><profile:eventCorrelation><profile:localTransactionId profile:sourceOfId="automatic"/><profile:parentTransactionId profile:sourceOfId="automatic"/><profile:globalTransactionId profile:sourceOfId="automatic"/></profile:eventCorrelation><profile:eventFilter profile:queryText="true()"/><profile:eventUOW profile:unitOfWork="messageFlow"/></profile:eventPointDataQuery><profile:applicationDataQuery/><profile:bitstreamDataQuery profile:bitstreamContent="none" profile:encoding="none"/></profile:eventSource></profile:monitoringProfile>